CO2,Country of birth/nationality,VAR,Variable,GEN,Gender,COU,Country,YEA,Year,Inflow,Flag Codes,Flags
TOT,Total,B13,Inflows of asylum seekers by nationality,TOT,Total,AUS,Australia,2000,2000,13065,,
TOT,Total,B13,Inflows of asylum seekers by nationality,TOT,Total,AUS,Australia,2001,2001,12366,,
TOT,Total,B13,Inflows of asylum seekers by nationality,TOT,Total,AUS,Australia,2002,2002,5863,,
TOT,Total,B13,Inflows of asylum seekers by nationality,TOT,Total,AUS,Australia,2003,2003,4295,,
TOT,Total,B13,Inflows of asylum seekers by nationality,TOT,Total,AUS,Australia,2004,2004,3201,,
TOT,Total,B13,Inflows of asylum seekers by nationality,TOT,Total,AUS,Australia,2005,2005,3204,,
TOT,Total,B13,Inflows of asylum seekers by nationality,TOT,Total,AUS,Australia,2006,2006,3515,,
TOT,Total,B13,Inflows of asylum seekers by nationality,TOT,Total,AUS,Australia,2007,2007,3980,,
TOT,Total,B13,Inflows of asylum seekers by nationality,TOT,Total,AUS,Australia,2008,2008,4771,,
TOT,Total,B13,Inflows of asylum seekers by nationality,TOT,Total,AUS,Australia,2009,2009,6206,,
TOT,Total,B13,Inflows of asylum seekers by nationality,TOT,Total,AUS,Australia,2010,2010,8246,,
TOT,Total,B13,Inflows of asylum seekers by nationality,TOT,Total,AUS,Australia,2011,2011,11505,,
TOT,Total,B13,Inflows of asylum seekers by nationality,TOT,Total,AUS,Australia,2012,2012,15786,,
TOT,Total,B13,Inflows of asylum seekers by nationality,TOT,Total,AUS,Australia,2013,2013,11741,,
TOT,Total,B13,Inflows of asylum seekers by nationality,TOT,Total,AUS,Australia,2014,2014,8988,,
TOT,Total,B13,Inflows of asylum seekers by nationality,TOT,Total,AUS,Australia,2015,2015,12360,,
TOT,Total,B13,Inflows of asylum seekers by nationality,TOT,Total,AUS,Australia,2016,2016,27632,,
TOT,Total,B13,Inflows of asylum seekers by nationality,TOT,Total,AUS,Australia,2017,2017,36245,,
TOT,Total,B13,Inflows of asylum seekers by nationality,TOT,Total,AUS,Australia,2018,2018,28839,,
TOT,Total,B13,Inflows of asylum seekers by nationality,TOT,Total,AUS,Australia,2019,2019,27399,,
TOT,Total,B13,Inflows of asylum seekers by nationality,TOT,Total,AUT,Austria,2000,2000,18284,,
TOT,Total,B13,Inflows of asylum seekers by nationality,TOT,Total,AUT,Austria,2001,2001,30135,,
TOT,Total,B13,Inflows of asylum seekers by nationality,TOT,Total,AUT,Austria,2002,2002,39354,,
TOT,Total,B13,Inflows of asylum seekers by nationality,TOT,Total,AUT,Austria,2003,2003,32359,,
TOT,Total,B13,Inflows of asylum seekers by nationality,TOT,Total,AUT,Austria,2004,2004,24634,,
TOT,Total,B13,Inflows of asylum seekers by nationality,TOT,Total,AUT,Austria,2005,2005,22461,,
TOT,Total,B13,Inflows of asylum seekers by nationality,TOT,Total,AUT,Austria,2006,2006,13349,,
TOT,Total,B13,Inflows of asylum seekers by nationality,TOT,Total,AUT,Austria,2007,2007,11921,,
TOT,Total,B13,Inflows of asylum seekers by nationality,TOT,Total,AUT,Austria,2008,2008,12841,,
TOT,Total,B13,Inflows of asylum seekers by nationality,TOT,Total,AUT,Austria,2009,2009,15821,,
TOT,Total,B13,Inflows of asylum seekers by nationality,TOT,Total,AUT,Austria,2010,2010,11012,,
TOT,Total,B13,Inflows of asylum seekers by nationality,TOT,Total,AUT,Austria,2011,2011,14416,,
TOT,Total,B13,Inflows of asylum seekers by nationality,TOT,Total,AUT,Austria,2012,2012,17413,,
TOT,Total,B13,Inflows of asylum seekers by nationality,TOT,Total,AUT,Austria,2013,2013,17503,,
TOT,Total,B13,Inflows of asylum seekers by nationality,TOT,Total,AUT,Austria,2014,2014,28060,,
TOT,Total,B13,Inflows of asylum seekers by nationality,TOT,Total,AUT,Austria,2015,2015,85620,,
TOT,Total,B13,Inflows of asylum seekers by nationality,TOT,Total,AUT,Austria,2016,2016,39952,,
TOT,Total,B13,Inflows of asylum seekers by nationality,TOT,Total,AUT,Austria,2017,2017,22470,,
TOT,Total,B13,Inflows of asylum seekers by nationality,TOT,Total,AUT,Austria,2018,2018,11610,,
TOT,Total,B13,Inflows of asylum seekers by nationality,TOT,Total,AUT,Austria,2019,2019,10790,,
TOT,Total,B13,Inflows of asylum seekers by nationality,TOT,Total,BEL,Belgium,2000,2000,42691,,
TOT,Total,B13,Inflows of asylum seekers by nationality,TOT,Total,BEL,Belgium,2001,2001,24549,,
TOT,Total,B13,Inflows of asylum seekers by nationality,TOT,Total,BEL,Belgium,2002,2002,18805,,
TOT,Total,B13,Inflows of asylum seekers by nationality,TOT,Total,BEL,Belgium,2003,2003,16940,,
TOT,Total,B13,Inflows of asylum seekers by nationality,TOT,Total,BEL,Belgium,2004,2004,15357,,
TOT,Total,B13,Inflows of asylum seekers by nationality,TOT,Total,BEL,Belgium,2005,2005,15957,,
TOT,Total,B13,Inflows of asylum seekers by nationality,TOT,Total,BEL,Belgium,2006,2006,11587,,
TOT,Total,B13,Inflows of asylum seekers by nationality,TOT,Total,BEL,Belgium,2007,2007,11115,,
TOT,Total,B13,Inflows of asylum seekers by nationality,TOT,Total,BEL,Belgium,2008,2008,12252,,
TOT,Total,B13,Inflows of asylum seekers by nationality,TOT,Total,BEL,Belgium,2009,2009,17186,,
TOT,Total,B13,Inflows of asylum seekers by nationality,TOT,Total,BEL,Belgium,2010,2010,21755,,
TOT,Total,B13,Inflows of asylum seekers by nationality,TOT,Total,BEL,Belgium,2011,2011,26003,,
TOT,Total,B13,Inflows of asylum seekers by nationality,TOT,Total,BEL,Belgium,2012,2012,18525,,
TOT,Total,B13,Inflows of asylum seekers by nationality,TOT,Total,BEL,Belgium,2013,2013,12500,,
TOT,Total,B13,Inflows of asylum seekers by nationality,TOT,Total,BEL,Belgium,2014,2014,13876,,
TOT,Total,B13,Inflows of asylum seekers by nationality,TOT,Total,BEL,Belgium,2015,2015,38700,,
TOT,Total,B13,Inflows of asylum seekers by nationality,TOT,Total,BEL,Belgium,2016,2016,14670,,
TOT,Total,B13,Inflows of asylum seekers by nationality,TOT,Total,BEL,Belgium,2017,2017,14055,,
TOT,Total,B13,Inflows of asylum seekers by nationality,TOT,Total,BEL,Belgium,2018,2018,18160,,
TOT,Total,B13,Inflows of asylum seekers by nationality,TOT,Total,BEL,Belgium,2019,2019,23140,,
TOT,Total,B13,Inflows of asylum seekers by nationality,TOT,Total,CAN,Canada,2000,2000,34252,,
TOT,Total,B13,Inflows of asylum seekers by nationality,TOT,Total,CAN,Canada,2001,2001,44038,,
TOT,Total,B13,Inflows of asylum seekers by nationality,TOT,Total,CAN,Canada,2002,2002,39498,,
TOT,Total,B13,Inflows of asylum seekers by nationality,TOT,Total,CAN,Canada,2003,2003,31937,,
TOT,Total,B13,Inflows of asylum seekers by nationality,TOT,Total,CAN,Canada,2004,2004,25750,,
TOT,Total,B13,Inflows of asylum seekers by nationality,TOT,Total,CAN,Canada,2005,2005,20786,,
TOT,Total,B13,Inflows of asylum seekers by nationality,TOT,Total,CAN,Canada,2006,2006,22873,,
TOT,Total,B13,Inflows of asylum seekers by nationality,TOT,Total,CAN,Canada,2007,2007,28342,,
TOT,Total,B13,Inflows of asylum seekers by nationality,TOT,Total,CAN,Canada,2008,2008,34800,,
TOT,Total,B13,Inflows of asylum seekers by nationality,TOT,Total,CAN,Canada,2009,2009,33970,,
TOT,Total,B13,Inflows of asylum seekers by nationality,TOT,Total,CAN,Canada,2010,2010,22543,,
TOT,Total,B13,Inflows of asylum seekers by nationality,TOT,Total,CAN,Canada,2011,2011,24985,,
TOT,Total,B13,Inflows of asylum seekers by nationality,TOT,Total,CAN,Canada,2012,2012,20223,,
TOT,Total,B13,Inflows of asylum seekers by nationality,TOT,Total,CAN,Canada,2013,2013,10356,,
TOT,Total,B13,Inflows of asylum seekers by nationality,TOT,Total,CAN,Canada,2014,2014,13661,,
TOT,Total,B13,Inflows of asylum seekers by nationality,TOT,Total,CAN,Canada,2015,2015,16070,,
TOT,Total,B13,Inflows of asylum seekers by nationality,TOT,Total,CAN,Canada,2016,2016,23833,,
TOT,Total,B13,Inflows of asylum seekers by nationality,TOT,Total,CAN,Canada,2017,2017,49425,,
TOT,Total,B13,Inflows of asylum seekers by nationality,TOT,Total,CAN,Canada,2018,2018,55385,,
TOT,Total,B13,Inflows of asylum seekers by nationality,TOT,Total,CAN,Canada,2019,2019,58338,,
TOT,Total,B13,Inflows of asylum seekers by nationality,TOT,Total,CZE,Czech Republic,2000,2000,8788,,
TOT,Total,B13,Inflows of asylum seekers by nationality,TOT,Total,CZE,Czech Republic,2001,2001,18094,,
TOT,Total,B13,Inflows of asylum seekers by nationality,TOT,Total,CZE,Czech Republic,2002,2002,8484,,
TOT,Total,B13,Inflows of asylum seekers by nationality,TOT,Total,CZE,Czech Republic,2003,2003,11396,,
TOT,Total,B13,Inflows of asylum seekers by nationality,TOT,Total,CZE,Czech Republic,2004,2004,5459,,
TOT,Total,B13,Inflows of asylum seekers by nationality,TOT,Total,CZE,Czech Republic,2005,2005,4160,,
TOT,Total,B13,Inflows of asylum seekers by nationality,TOT,Total,CZE,Czech Republic,2006,2006,3016,,
TOT,Total,B13,Inflows of asylum seekers by nationality,TOT,Total,CZE,Czech Republic,2007,2007,1878,,
TOT,Total,B13,Inflows of asylum seekers by nationality,TOT,Total,CZE,Czech Republic,2008,2008,1711,,
TOT,Total,B13,Inflows of asylum seekers by nationality,TOT,Total,CZE,Czech Republic,2009,2009,1355,,
TOT,Total,B13,Inflows of asylum seekers by nationality,TOT,Total,CZE,Czech Republic,2010,2010,979,,
TOT,Total,B13,Inflows of asylum seekers by nationality,TOT,Total,CZE,Czech Republic,2011,2011,756,,
TOT,Total,B13,Inflows of asylum seekers by nationality,TOT,Total,CZE,Czech Republic,2012,2012,753,,
TOT,Total,B13,Inflows of asylum seekers by nationality,TOT,Total,CZE,Czech Republic,2013,2013,503,,
TOT,Total,B13,Inflows of asylum seekers by nationality,TOT,Total,CZE,Czech Republic,2014,2014,914,,
TOT,Total,B13,Inflows of asylum seekers by nationality,TOT,Total,CZE,Czech Republic,2015,2015,1250,,
TOT,Total,B13,Inflows of asylum seekers by nationality,TOT,Total,CZE,Czech Republic,2016,2016,1214,,
TOT,Total,B13,Inflows of asylum seekers by nationality,TOT,Total,CZE,Czech Republic,2017,2017,1140,,
TOT,Total,B13,Inflows of asylum seekers by nationality,TOT,Total,CZE,Czech Republic,2018,2018,1360,,
TOT,Total,B13,Inflows of asylum seekers by nationality,TOT,Total,CZE,Czech Republic,2019,2019,1575,,
TOT,Total,B13,Inflows of asylum seekers by nationality,TOT,Total,DNK,Denmark,2000,2000,13005,,
TOT,Total,B13,Inflows of asylum seekers by nationality,TOT,Total,DNK,Denmark,2001,2001,10269,,
TOT,Total,B13,Inflows of asylum seekers by nationality,TOT,Total,DNK,Denmark,2002,2002,6068,,
TOT,Total,B13,Inflows of asylum seekers by nationality,TOT,Total,DNK,Denmark,2003,2003,4593,,
TOT,Total,B13,Inflows of asylum seekers by nationality,TOT,Total,DNK,Denmark,2004,2004,3235,,
TOT,Total,B13,Inflows of asylum seekers by nationality,TOT,Total,DNK,Denmark,2005,2005,2260,,
TOT,Total,B13,Inflows of asylum seekers by nationality,TOT,Total,DNK,Denmark,2006,2006,1918,,
TOT,Total,B13,Inflows of asylum seekers by nationality,TOT,Total,DNK,Denmark,2007,2007,1852,,
TOT,Total,B13,Inflows of asylum seekers by nationality,TOT,Total,DNK,Denmark,2008,2008,2360,,
TOT,Total,B13,Inflows of asylum seekers by nationality,TOT,Total,DNK,Denmark,2009,2009,3819,,
TOT,Total,B13,Inflows of asylum seekers by nationality,TOT,Total,DNK,Denmark,2010,2010,4965,,
TOT,Total,B13,Inflows of asylum seekers by nationality,TOT,Total,DNK,Denmark,2011,2011,3811,,
TOT,Total,B13,Inflows of asylum seekers by nationality,TOT,Total,DNK,Denmark,2012,2012,6186,,
TOT,Total,B13,Inflows of asylum seekers by nationality,TOT,Total,DNK,Denmark,2013,2013,7557,,
TOT,Total,B13,Inflows of asylum seekers by nationality,TOT,Total,DNK,Denmark,2014,2014,14774,,
TOT,Total,B13,Inflows of asylum seekers by nationality,TOT,Total,DNK,Denmark,2015,2015,21230,,
TOT,Total,B13,Inflows of asylum seekers by nationality,TOT,Total,DNK,Denmark,2016,2016,6235,,
TOT,Total,B13,Inflows of asylum seekers by nationality,TOT,Total,DNK,Denmark,2017,2017,3140,,
TOT,Total,B13,Inflows of asylum seekers by nationality,TOT,Total,DNK,Denmark,2018,2018,3495,,
TOT,Total,B13,Inflows of asylum seekers by nationality,TOT,Total,DNK,Denmark,2019,2019,2645,,
TOT,Total,B13,Inflows of asylum seekers by nationality,TOT,Total,FIN,Finland,2000,2000,3170,,
TOT,Total,B13,Inflows of asylum seekers by nationality,TOT,Total,FIN,Finland,2001,2001,1651,,
TOT,Total,B13,Inflows of asylum seekers by nationality,TOT,Total,FIN,Finland,2002,2002,3443,,
TOT,Total,B13,Inflows of asylum seekers by nationality,TOT,Total,FIN,Finland,2003,2003,3221,,
TOT,Total,B13,Inflows of asylum seekers by nationality,TOT,Total,FIN,Finland,2004,2004,3861,,
TOT,Total,B13,Inflows of asylum seekers by nationality,TOT,Total,FIN,Finland,2005,2005,3574,,
TOT,Total,B13,Inflows of asylum seekers by nationality,TOT,Total,FIN,Finland,2006,2006,2331,,
TOT,Total,B13,Inflows of asylum seekers by nationality,TOT,Total,FIN,Finland,2007,2007,1434,,
TOT,Total,B13,Inflows of asylum seekers by nationality,TOT,Total,FIN,Finland,2008,2008,4016,,
TOT,Total,B13,Inflows of asylum seekers by nationality,TOT,Total,FIN,Finland,2009,2009,5910,,
TOT,Total,B13,Inflows of asylum seekers by nationality,TOT,Total,FIN,Finland,2010,2010,4018,,
TOT,Total,B13,Inflows of asylum seekers by nationality,TOT,Total,FIN,Finland,2011,2011,3086,,
TOT,Total,B13,Inflows of asylum seekers by nationality,TOT,Total,FIN,Finland,2012,2012,2922,,
TOT,Total,B13,Inflows of asylum seekers by nationality,TOT,Total,FIN,Finland,2013,2013,3023,,
TOT,Total,B13,Inflows of asylum seekers by nationality,TOT,Total,FIN,Finland,2014,2014,3517,,
TOT,Total,B13,Inflows of asylum seekers by nationality,TOT,Total,FIN,Finland,2015,2015,32270,,
TOT,Total,B13,Inflows of asylum seekers by nationality,TOT,Total,FIN,Finland,2016,2016,5319,,
TOT,Total,B13,Inflows of asylum seekers by nationality,TOT,Total,FIN,Finland,2017,2017,4350,,
TOT,Total,B13,Inflows of asylum seekers by nationality,TOT,Total,FIN,Finland,2018,2018,2955,,
TOT,Total,B13,Inflows of asylum seekers by nationality,TOT,Total,FIN,Finland,2019,2019,2455,,
TOT,Total,B13,Inflows of asylum seekers by nationality,TOT,Total,FRA,France,2000,2000,39775,,
TOT,Total,B13,Inflows of asylum seekers by nationality,TOT,Total,FRA,France,2001,2001,47291,,
TOT,Total,B13,Inflows of asylum seekers by nationality,TOT,Total,FRA,France,2002,2002,51087,,
TOT,Total,B13,Inflows of asylum seekers by nationality,TOT,Total,FRA,France,2003,2003,59768,,
TOT,Total,B13,Inflows of asylum seekers by nationality,TOT,Total,FRA,France,2004,2004,58545,,
TOT,Total,B13,Inflows of asylum seekers by nationality,TOT,Total,FRA,France,2005,2005,49733,,
TOT,Total,B13,Inflows of asylum seekers by nationality,TOT,Total,FRA,France,2006,2006,30748,,
TOT,Total,B13,Inflows of asylum seekers by nationality,TOT,Total,FRA,France,2007,2007,29387,,
TOT,Total,B13,Inflows of asylum seekers by nationality,TOT,Total,FRA,France,2008,2008,35404,,
TOT,Total,B13,Inflows of asylum seekers by nationality,TOT,Total,FRA,France,2009,2009,42118,,
TOT,Total,B13,Inflows of asylum seekers by nationality,TOT,Total,FRA,France,2010,2010,48074,,
TOT,Total,B13,Inflows of asylum seekers by nationality,TOT,Total,FRA,France,2011,2011,52147,,
TOT,Total,B13,Inflows of asylum seekers by nationality,TOT,Total,FRA,France,2012,2012,55068,,
TOT,Total,B13,Inflows of asylum seekers by nationality,TOT,Total,FRA,France,2013,2013,60234,,
TOT,Total,B13,Inflows of asylum seekers by nationality,TOT,Total,FRA,France,2014,2014,59041,,
TOT,Total,B13,Inflows of asylum seekers by nationality,TOT,Total,FRA,France,2015,2015,74300,,
TOT,Total,B13,Inflows of asylum seekers by nationality,TOT,Total,FRA,France,2016,2016,70748,,
TOT,Total,B13,Inflows of asylum seekers by nationality,TOT,Total,FRA,France,2017,2017,91965,,
TOT,Total,B13,Inflows of asylum seekers by nationality,TOT,Total,FRA,France,2018,2018,111415,,
TOT,Total,B13,Inflows of asylum seekers by nationality,TOT,Total,FRA,France,2019,2019,119915,,
TOT,Total,B13,Inflows of asylum seekers by nationality,TOT,Total,DEU,Germany,2000,2000,78564,,
TOT,Total,B13,Inflows of asylum seekers by nationality,TOT,Total,DEU,Germany,2001,2001,88287,,
TOT,Total,B13,Inflows of asylum seekers by nationality,TOT,Total,DEU,Germany,2002,2002,71127,,
TOT,Total,B13,Inflows of asylum seekers by nationality,TOT,Total,DEU,Germany,2003,2003,50563,,
TOT,Total,B13,Inflows of asylum seekers by nationality,TOT,Total,DEU,Germany,2004,2004,35607,,
TOT,Total,B13,Inflows of asylum seekers by nationality,TOT,Total,DEU,Germany,2005,2005,28914,,
TOT,Total,B13,Inflows of asylum seekers by nationality,TOT,Total,DEU,Germany,2006,2006,21029,,
TOT,Total,B13,Inflows of asylum seekers by nationality,TOT,Total,DEU,Germany,2007,2007,19164,,
TOT,Total,B13,Inflows of asylum seekers by nationality,TOT,Total,DEU,Germany,2008,2008,22085,,
TOT,Total,B13,Inflows of asylum seekers by nationality,TOT,Total,DEU,Germany,2009,2009,27649,,
TOT,Total,B13,Inflows of asylum seekers by nationality,TOT,Total,DEU,Germany,2010,2010,41332,,
TOT,Total,B13,Inflows of asylum seekers by nationality,TOT,Total,DEU,Germany,2011,2011,45741,,
TOT,Total,B13,Inflows of asylum seekers by nationality,TOT,Total,DEU,Germany,2012,2012,64539,,
TOT,Total,B13,Inflows of asylum seekers by nationality,TOT,Total,DEU,Germany,2013,2013,109580,,
TOT,Total,B13,Inflows of asylum seekers by nationality,TOT,Total,DEU,Germany,2014,2014,173072,,
TOT,Total,B13,Inflows of asylum seekers by nationality,TOT,Total,DEU,Germany,2015,2015,441900,,
TOT,Total,B13,Inflows of asylum seekers by nationality,TOT,Total,DEU,Germany,2016,2016,722364,,
TOT,Total,B13,Inflows of asylum seekers by nationality,TOT,Total,DEU,Germany,2017,2017,198310,,
TOT,Total,B13,Inflows of asylum seekers by nationality,TOT,Total,DEU,Germany,2018,2018,161930,,
TOT,Total,B13,Inflows of asylum seekers by nationality,TOT,Total,DEU,Germany,2019,2019,142510,,
TOT,Total,B13,Inflows of asylum seekers by nationality,TOT,Total,GRC,Greece,2000,2000,3083,,
TOT,Total,B13,Inflows of asylum seekers by nationality,TOT,Total,GRC,Greece,2001,2001,5499,,
TOT,Total,B13,Inflows of asylum seekers by nationality,TOT,Total,GRC,Greece,2002,2002,5664,,
TOT,Total,B13,Inflows of asylum seekers by nationality,TOT,Total,GRC,Greece,2003,2003,8178,,
TOT,Total,B13,Inflows of asylum seekers by nationality,TOT,Total,GRC,Greece,2004,2004,4469,,
TOT,Total,B13,Inflows of asylum seekers by nationality,TOT,Total,GRC,Greece,2005,2005,9050,,
TOT,Total,B13,Inflows of asylum seekers by nationality,TOT,Total,GRC,Greece,2006,2006,12267,,
TOT,Total,B13,Inflows of asylum seekers by nationality,TOT,Total,GRC,Greece,2007,2007,25113,,
TOT,Total,B13,Inflows of asylum seekers by nationality,TOT,Total,GRC,Greece,2008,2008,19884,,
TOT,Total,B13,Inflows of asylum seekers by nationality,TOT,Total,GRC,Greece,2009,2009,15928,,
TOT,Total,B13,Inflows of asylum seekers by nationality,TOT,Total,GRC,Greece,2010,2010,10273,,
TOT,Total,B13,Inflows of asylum seekers by nationality,TOT,Total,GRC,Greece,2011,2011,9311,,
TOT,Total,B13,Inflows of asylum seekers by nationality,TOT,Total,GRC,Greece,2012,2012,9577,,
TOT,Total,B13,Inflows of asylum seekers by nationality,TOT,Total,GRC,Greece,2013,2013,8224,,
TOT,Total,B13,Inflows of asylum seekers by nationality,TOT,Total,GRC,Greece,2014,2014,9432,,
TOT,Total,B13,Inflows of asylum seekers by nationality,TOT,Total,GRC,Greece,2015,2015,11370,,
TOT,Total,B13,Inflows of asylum seekers by nationality,TOT,Total,GRC,Greece,2016,2016,49847,,
TOT,Total,B13,Inflows of asylum seekers by nationality,TOT,Total,GRC,Greece,2017,2017,56950,,
TOT,Total,B13,Inflows of asylum seekers by nationality,TOT,Total,GRC,Greece,2018,2018,64985,,
TOT,Total,B13,Inflows of asylum seekers by nationality,TOT,Total,GRC,Greece,2019,2019,74915,,
TOT,Total,B13,Inflows of asylum seekers by nationality,TOT,Total,HUN,Hungary,2000,2000,7801,,
TOT,Total,B13,Inflows of asylum seekers by nationality,TOT,Total,HUN,Hungary,2001,2001,9554,,
TOT,Total,B13,Inflows of asylum seekers by nationality,TOT,Total,HUN,Hungary,2002,2002,6412,,
TOT,Total,B13,Inflows of asylum seekers by nationality,TOT,Total,HUN,Hungary,2003,2003,2401,,
TOT,Total,B13,Inflows of asylum seekers by nationality,TOT,Total,HUN,Hungary,2004,2004,1600,,
TOT,Total,B13,Inflows of asylum seekers by nationality,TOT,Total,HUN,Hungary,2005,2005,1609,,
TOT,Total,B13,Inflows of asylum seekers by nationality,TOT,Total,HUN,Hungary,2006,2006,2117,,
TOT,Total,B13,Inflows of asylum seekers by nationality,TOT,Total,HUN,Hungary,2007,2007,3425,,
TOT,Total,B13,Inflows of asylum seekers by nationality,TOT,Total,HUN,Hungary,2008,2008,3118,,
TOT,Total,B13,Inflows of asylum seekers by nationality,TOT,Total,HUN,Hungary,2009,2009,4672,,
TOT,Total,B13,Inflows of asylum seekers by nationality,TOT,Total,HUN,Hungary,2010,2010,2104,,
TOT,Total,B13,Inflows of asylum seekers by nationality,TOT,Total,HUN,Hungary,2011,2011,1693,,
TOT,Total,B13,Inflows of asylum seekers by nationality,TOT,Total,HUN,Hungary,2012,2012,2157,,
TOT,Total,B13,Inflows of asylum seekers by nationality,TOT,Total,HUN,Hungary,2013,2013,18565,,
TOT,Total,B13,Inflows of asylum seekers by nationality,TOT,Total,HUN,Hungary,2014,2014,41111,,
TOT,Total,B13,Inflows of asylum seekers by nationality,TOT,Total,HUN,Hungary,2015,2015,174430,,
TOT,Total,B13,Inflows of asylum seekers by nationality,TOT,Total,HUN,Hungary,2016,2016,28070,,
TOT,Total,B13,Inflows of asylum seekers by nationality,TOT,Total,HUN,Hungary,2017,2017,3120,,
TOT,Total,B13,Inflows of asylum seekers by nationality,TOT,Total,HUN,Hungary,2018,2018,635,,
TOT,Total,B13,Inflows of asylum seekers by nationality,TOT,Total,HUN,Hungary,2019,2019,470,,
TOT,Total,B13,Inflows of asylum seekers by nationality,TOT,Total,ISL,Iceland,2000,2000,24,,
TOT,Total,B13,Inflows of asylum seekers by nationality,TOT,Total,ISL,Iceland,2001,2001,52,,
TOT,Total,B13,Inflows of asylum seekers by nationality,TOT,Total,ISL,Iceland,2002,2002,117,,
TOT,Total,B13,Inflows of asylum seekers by nationality,TOT,Total,ISL,Iceland,2003,2003,80,,
TOT,Total,B13,Inflows of asylum seekers by nationality,TOT,Total,ISL,Iceland,2004,2004,76,,
TOT,Total,B13,Inflows of asylum seekers by nationality,TOT,Total,ISL,Iceland,2005,2005,88,,
TOT,Total,B13,Inflows of asylum seekers by nationality,TOT,Total,ISL,Iceland,2006,2006,39,,
TOT,Total,B13,Inflows of asylum seekers by nationality,TOT,Total,ISL,Iceland,2007,2007,42,,
TOT,Total,B13,Inflows of asylum seekers by nationality,TOT,Total,ISL,Iceland,2008,2008,77,,
TOT,Total,B13,Inflows of asylum seekers by nationality,TOT,Total,ISL,Iceland,2009,2009,35,,
TOT,Total,B13,Inflows of asylum seekers by nationality,TOT,Total,ISL,Iceland,2010,2010,51,,
TOT,Total,B13,Inflows of asylum seekers by nationality,TOT,Total,ISL,Iceland,2011,2011,76,,
TOT,Total,B13,Inflows of asylum seekers by nationality,TOT,Total,ISL,Iceland,2012,2012,113,,
TOT,Total,B13,Inflows of asylum seekers by nationality,TOT,Total,ISL,Iceland,2013,2013,172,,
TOT,Total,B13,Inflows of asylum seekers by nationality,TOT,Total,ISL,Iceland,2014,2014,170,,
TOT,Total,B13,Inflows of asylum seekers by nationality,TOT,Total,ISL,Iceland,2015,2015,360,,
TOT,Total,B13,Inflows of asylum seekers by nationality,TOT,Total,ISL,Iceland,2016,2016,1132,,
TOT,Total,B13,Inflows of asylum seekers by nationality,TOT,Total,ISL,Iceland,2017,2017,1065,,
TOT,Total,B13,Inflows of asylum seekers by nationality,TOT,Total,ISL,Iceland,2018,2018,730,,
TOT,Total,B13,Inflows of asylum seekers by nationality,TOT,Total,ISL,Iceland,2019,2019,805,,
TOT,Total,B13,Inflows of asylum seekers by nationality,TOT,Total,IRL,Ireland,2000,2000,10938,,
TOT,Total,B13,Inflows of asylum seekers by nationality,TOT,Total,IRL,Ireland,2001,2001,10325,,
TOT,Total,B13,Inflows of asylum seekers by nationality,TOT,Total,IRL,Ireland,2002,2002,11634,,
TOT,Total,B13,Inflows of asylum seekers by nationality,TOT,Total,IRL,Ireland,2003,2003,7900,,
TOT,Total,B13,Inflows of asylum seekers by nationality,TOT,Total,IRL,Ireland,2004,2004,4769,,
TOT,Total,B13,Inflows of asylum seekers by nationality,TOT,Total,IRL,Ireland,2005,2005,4324,,
TOT,Total,B13,Inflows of asylum seekers by nationality,TOT,Total,IRL,Ireland,2006,2006,4314,,
TOT,Total,B13,Inflows of asylum seekers by nationality,TOT,Total,IRL,Ireland,2007,2007,3988,,
TOT,Total,B13,Inflows of asylum seekers by nationality,TOT,Total,IRL,Ireland,2008,2008,3866,,
TOT,Total,B13,Inflows of asylum seekers by nationality,TOT,Total,IRL,Ireland,2009,2009,2689,,
TOT,Total,B13,Inflows of asylum seekers by nationality,TOT,Total,IRL,Ireland,2010,2010,1939,,
TOT,Total,B13,Inflows of asylum seekers by nationality,TOT,Total,IRL,Ireland,2011,2011,1419,,
TOT,Total,B13,Inflows of asylum seekers by nationality,TOT,Total,IRL,Ireland,2012,2012,1104,,
TOT,Total,B13,Inflows of asylum seekers by nationality,TOT,Total,IRL,Ireland,2013,2013,946,,
TOT,Total,B13,Inflows of asylum seekers by nationality,TOT,Total,IRL,Ireland,2014,2014,1448,,
TOT,Total,B13,Inflows of asylum seekers by nationality,TOT,Total,IRL,Ireland,2015,2015,3280,,
TOT,Total,B13,Inflows of asylum seekers by nationality,TOT,Total,IRL,Ireland,2016,2016,2237,,
TOT,Total,B13,Inflows of asylum seekers by nationality,TOT,Total,IRL,Ireland,2017,2017,2910,,
TOT,Total,B13,Inflows of asylum seekers by nationality,TOT,Total,IRL,Ireland,2018,2018,3655,,
TOT,Total,B13,Inflows of asylum seekers by nationality,TOT,Total,IRL,Ireland,2019,2019,4740,,
TOT,Total,B13,Inflows of asylum seekers by nationality,TOT,Total,ITA,Italy,2000,2000,15564,,
TOT,Total,B13,Inflows of asylum seekers by nationality,TOT,Total,ITA,Italy,2001,2001,9620,,
TOT,Total,B13,Inflows of asylum seekers by nationality,TOT,Total,ITA,Italy,2002,2002,16015,,
TOT,Total,B13,Inflows of asylum seekers by nationality,TOT,Total,ITA,Italy,2003,2003,13455,,
TOT,Total,B13,Inflows of asylum seekers by nationality,TOT,Total,ITA,Italy,2004,2004,9722,,
TOT,Total,B13,Inflows of asylum seekers by nationality,TOT,Total,ITA,Italy,2005,2005,9548,,
TOT,Total,B13,Inflows of asylum seekers by nationality,TOT,Total,ITA,Italy,2006,2006,10348,,
TOT,Total,B13,Inflows of asylum seekers by nationality,TOT,Total,ITA,Italy,2007,2007,14053,,
TOT,Total,B13,Inflows of asylum seekers by nationality,TOT,Total,ITA,Italy,2008,2008,30324,,
TOT,Total,B13,Inflows of asylum seekers by nationality,TOT,Total,ITA,Italy,2009,2009,17603,,
TOT,Total,B13,Inflows of asylum seekers by nationality,TOT,Total,ITA,Italy,2010,2010,10052,,
TOT,Total,B13,Inflows of asylum seekers by nationality,TOT,Total,ITA,Italy,2011,2011,34117,,
TOT,Total,B13,Inflows of asylum seekers by nationality,TOT,Total,ITA,Italy,2012,2012,17352,,
TOT,Total,B13,Inflows of asylum seekers by nationality,TOT,Total,ITA,Italy,2013,2013,25720,,
TOT,Total,B13,Inflows of asylum seekers by nationality,TOT,Total,ITA,Italy,2014,2014,63657,,
TOT,Total,B13,Inflows of asylum seekers by nationality,TOT,Total,ITA,Italy,2015,2015,83240,,
TOT,Total,B13,Inflows of asylum seekers by nationality,TOT,Total,ITA,Italy,2016,2016,122124,,
TOT,Total,B13,Inflows of asylum seekers by nationality,TOT,Total,ITA,Italy,2017,2017,126560,,
TOT,Total,B13,Inflows of asylum seekers by nationality,TOT,Total,ITA,Italy,2018,2018,53440,,
TOT,Total,B13,Inflows of asylum seekers by nationality,TOT,Total,ITA,Italy,2019,2019,35005,,
TOT,Total,B13,Inflows of asylum seekers by nationality,TOT,Total,JPN,Japan,2000,2000,216,,
TOT,Total,B13,Inflows of asylum seekers by nationality,TOT,Total,JPN,Japan,2001,2001,353,,
TOT,Total,B13,Inflows of asylum seekers by nationality,TOT,Total,JPN,Japan,2002,2002,250,,
TOT,Total,B13,Inflows of asylum seekers by nationality,TOT,Total,JPN,Japan,2003,2003,336,,
TOT,Total,B13,Inflows of asylum seekers by nationality,TOT,Total,JPN,Japan,2004,2004,426,,
TOT,Total,B13,Inflows of asylum seekers by nationality,TOT,Total,JPN,Japan,2005,2005,384,,
TOT,Total,B13,Inflows of asylum seekers by nationality,TOT,Total,JPN,Japan,2006,2006,954,,
TOT,Total,B13,Inflows of asylum seekers by nationality,TOT,Total,JPN,Japan,2007,2007,816,,
TOT,Total,B13,Inflows of asylum seekers by nationality,TOT,Total,JPN,Japan,2008,2008,1599,,
TOT,Total,B13,Inflows of asylum seekers by nationality,TOT,Total,JPN,Japan,2009,2009,1388,,
TOT,Total,B13,Inflows of asylum seekers by nationality,TOT,Total,JPN,Japan,2010,2010,1203,,
TOT,Total,B13,Inflows of asylum seekers by nationality,TOT,Total,JPN,Japan,2011,2011,1867,,
TOT,Total,B13,Inflows of asylum seekers by nationality,TOT,Total,JPN,Japan,2012,2012,2545,,
TOT,Total,B13,Inflows of asylum seekers by nationality,TOT,Total,JPN,Japan,2013,2013,3260,,
TOT,Total,B13,Inflows of asylum seekers by nationality,TOT,Total,JPN,Japan,2014,2014,5000,,
TOT,Total,B13,Inflows of asylum seekers by nationality,TOT,Total,JPN,Japan,2015,2015,7580,,
TOT,Total,B13,Inflows of asylum seekers by nationality,TOT,Total,JPN,Japan,2016,2016,10901,,
TOT,Total,B13,Inflows of asylum seekers by nationality,TOT,Total,JPN,Japan,2017,2017,19250,,
TOT,Total,B13,Inflows of asylum seekers by nationality,TOT,Total,JPN,Japan,2018,2018,10493,,
TOT,Total,B13,Inflows of asylum seekers by nationality,TOT,Total,JPN,Japan,2019,2019,10375,,
TOT,Total,B13,Inflows of asylum seekers by nationality,TOT,Total,KOR,Korea,2000,2000,43,,
TOT,Total,B13,Inflows of asylum seekers by nationality,TOT,Total,KOR,Korea,2001,2001,39,,
TOT,Total,B13,Inflows of asylum seekers by nationality,TOT,Total,KOR,Korea,2002,2002,37,,
TOT,Total,B13,Inflows of asylum seekers by nationality,TOT,Total,KOR,Korea,2003,2003,86,,
TOT,Total,B13,Inflows of asylum seekers by nationality,TOT,Total,KOR,Korea,2004,2004,145,,
TOT,Total,B13,Inflows of asylum seekers by nationality,TOT,Total,KOR,Korea,2005,2005,412,,
TOT,Total,B13,Inflows of asylum seekers by nationality,TOT,Total,KOR,Korea,2006,2006,278,,
TOT,Total,B13,Inflows of asylum seekers by nationality,TOT,Total,KOR,Korea,2007,2007,717,,
TOT,Total,B13,Inflows of asylum seekers by nationality,TOT,Total,KOR,Korea,2008,2008,364,,
TOT,Total,B13,Inflows of asylum seekers by nationality,TOT,Total,KOR,Korea,2009,2009,324,,
TOT,Total,B13,Inflows of asylum seekers by nationality,TOT,Total,KOR,Korea,2010,2010,425,,
TOT,Total,B13,Inflows of asylum seekers by nationality,TOT,Total,KOR,Korea,2011,2011,1011,,
TOT,Total,B13,Inflows of asylum seekers by nationality,TOT,Total,KOR,Korea,2012,2012,1143,,
TOT,Total,B13,Inflows of asylum seekers by nationality,TOT,Total,KOR,Korea,2013,2013,1574,,
TOT,Total,B13,Inflows of asylum seekers by nationality,TOT,Total,KOR,Korea,2014,2014,2896,,
TOT,Total,B13,Inflows of asylum seekers by nationality,TOT,Total,KOR,Korea,2015,2015,5710,,
TOT,Total,B13,Inflows of asylum seekers by nationality,TOT,Total,KOR,Korea,2016,2016,7542,,
TOT,Total,B13,Inflows of asylum seekers by nationality,TOT,Total,KOR,Korea,2017,2017,9942,,
TOT,Total,B13,Inflows of asylum seekers by nationality,TOT,Total,KOR,Korea,2018,2018,16147,,
TOT,Total,B13,Inflows of asylum seekers by nationality,TOT,Total,KOR,Korea,2019,2019,15433,,
TOT,Total,B13,Inflows of asylum seekers by nationality,TOT,Total,LUX,Luxembourg,2000,2000,621,,
TOT,Total,B13,Inflows of asylum seekers by nationality,TOT,Total,LUX,Luxembourg,2001,2001,687,,
TOT,Total,B13,Inflows of asylum seekers by nationality,TOT,Total,LUX,Luxembourg,2002,2002,1043,,
TOT,Total,B13,Inflows of asylum seekers by nationality,TOT,Total,LUX,Luxembourg,2003,2003,1549,,
TOT,Total,B13,Inflows of asylum seekers by nationality,TOT,Total,LUX,Luxembourg,2004,2004,1577,,
TOT,Total,B13,Inflows of asylum seekers by nationality,TOT,Total,LUX,Luxembourg,2005,2005,802,,
TOT,Total,B13,Inflows of asylum seekers by nationality,TOT,Total,LUX,Luxembourg,2006,2006,523,,
TOT,Total,B13,Inflows of asylum seekers by nationality,TOT,Total,LUX,Luxembourg,2007,2007,426,,
TOT,Total,B13,Inflows of asylum seekers by nationality,TOT,Total,LUX,Luxembourg,2008,2008,463,,
TOT,Total,B13,Inflows of asylum seekers by nationality,TOT,Total,LUX,Luxembourg,2009,2009,477,,
TOT,Total,B13,Inflows of asylum seekers by nationality,TOT,Total,LUX,Luxembourg,2010,2010,744,,
TOT,Total,B13,Inflows of asylum seekers by nationality,TOT,Total,LUX,Luxembourg,2011,2011,2076,,
TOT,Total,B13,Inflows of asylum seekers by nationality,TOT,Total,LUX,Luxembourg,2012,2012,2003,,
TOT,Total,B13,Inflows of asylum seekers by nationality,TOT,Total,LUX,Luxembourg,2013,2013,989,,
TOT,Total,B13,Inflows of asylum seekers by nationality,TOT,Total,LUX,Luxembourg,2014,2014,973,,
TOT,Total,B13,Inflows of asylum seekers by nationality,TOT,Total,LUX,Luxembourg,2015,2015,2300,,
TOT,Total,B13,Inflows of asylum seekers by nationality,TOT,Total,LUX,Luxembourg,2016,2016,1938,,
TOT,Total,B13,Inflows of asylum seekers by nationality,TOT,Total,LUX,Luxembourg,2017,2017,2325,,
TOT,Total,B13,Inflows of asylum seekers by nationality,TOT,Total,LUX,Luxembourg,2018,2018,2225,,
TOT,Total,B13,Inflows of asylum seekers by nationality,TOT,Total,LUX,Luxembourg,2019,2019,2200,,
TOT,Total,B13,Inflows of asylum seekers by nationality,TOT,Total,MEX,Mexico,2000,2000,277,,
TOT,Total,B13,Inflows of asylum seekers by nationality,TOT,Total,MEX,Mexico,2001,2001,415,,
TOT,Total,B13,Inflows of asylum seekers by nationality,TOT,Total,MEX,Mexico,2002,2002,257,,
TOT,Total,B13,Inflows of asylum seekers by nationality,TOT,Total,MEX,Mexico,2003,2003,275,,
TOT,Total,B13,Inflows of asylum seekers by nationality,TOT,Total,MEX,Mexico,2004,2004,404,,
TOT,Total,B13,Inflows of asylum seekers by nationality,TOT,Total,MEX,Mexico,2005,2005,687,,
TOT,Total,B13,Inflows of asylum seekers by nationality,TOT,Total,MEX,Mexico,2006,2006,480,,
TOT,Total,B13,Inflows of asylum seekers by nationality,TOT,Total,MEX,Mexico,2007,2007,374,,
TOT,Total,B13,Inflows of asylum seekers by nationality,TOT,Total,MEX,Mexico,2008,2008,317,,
TOT,Total,B13,Inflows of asylum seekers by nationality,TOT,Total,MEX,Mexico,2009,2009,680,,
TOT,Total,B13,Inflows of asylum seekers by nationality,TOT,Total,MEX,Mexico,2010,2010,1039,,
TOT,Total,B13,Inflows of asylum seekers by nationality,TOT,Total,MEX,Mexico,2011,2011,753,,
TOT,Total,B13,Inflows of asylum seekers by nationality,TOT,Total,MEX,Mexico,2012,2012,811,,
TOT,Total,B13,Inflows of asylum seekers by nationality,TOT,Total,MEX,Mexico,2013,2013,1296,,
TOT,Total,B13,Inflows of asylum seekers by nationality,TOT,Total,MEX,Mexico,2014,2014,1524,,
TOT,Total,B13,Inflows of asylum seekers by nationality,TOT,Total,MEX,Mexico,2015,2015,3420,,
TOT,Total,B13,Inflows of asylum seekers by nationality,TOT,Total,MEX,Mexico,2016,2016,8781,,
TOT,Total,B13,Inflows of asylum seekers by nationality,TOT,Total,MEX,Mexico,2017,2017,14596,,
TOT,Total,B13,Inflows of asylum seekers by nationality,TOT,Total,MEX,Mexico,2018,2018,29623,,
TOT,Total,B13,Inflows of asylum seekers by nationality,TOT,Total,MEX,Mexico,2019,2019,70366,,
TOT,Total,B13,Inflows of asylum seekers by nationality,TOT,Total,NLD,Netherlands,2000,2000,43895,,
TOT,Total,B13,Inflows of asylum seekers by nationality,TOT,Total,NLD,Netherlands,2001,2001,32579,,
TOT,Total,B13,Inflows of asylum seekers by nationality,TOT,Total,NLD,Netherlands,2002,2002,18667,,
TOT,Total,B13,Inflows of asylum seekers by nationality,TOT,Total,NLD,Netherlands,2003,2003,13402,,
TOT,Total,B13,Inflows of asylum seekers by nationality,TOT,Total,NLD,Netherlands,2004,2004,9782,,
TOT,Total,B13,Inflows of asylum seekers by nationality,TOT,Total,NLD,Netherlands,2005,2005,12347,,
TOT,Total,B13,Inflows of asylum seekers by nationality,TOT,Total,NLD,Netherlands,2006,2006,14465,,
TOT,Total,B13,Inflows of asylum seekers by nationality,TOT,Total,NLD,Netherlands,2007,2007,7102,,
TOT,Total,B13,Inflows of asylum seekers by nationality,TOT,Total,NLD,Netherlands,2008,2008,13399,,
TOT,Total,B13,Inflows of asylum seekers by nationality,TOT,Total,NLD,Netherlands,2009,2009,14905,,
TOT,Total,B13,Inflows of asylum seekers by nationality,TOT,Total,NLD,Netherlands,2010,2010,13333,,
TOT,Total,B13,Inflows of asylum seekers by nationality,TOT,Total,NLD,Netherlands,2011,2011,11590,,
TOT,Total,B13,Inflows of asylum seekers by nationality,TOT,Total,NLD,Netherlands,2012,2012,9664,,
TOT,Total,B13,Inflows of asylum seekers by nationality,TOT,Total,NLD,Netherlands,2013,2013,14399,,
TOT,Total,B13,Inflows of asylum seekers by nationality,TOT,Total,NLD,Netherlands,2014,2014,23850,,
TOT,Total,B13,Inflows of asylum seekers by nationality,TOT,Total,NLD,Netherlands,2015,2015,43100,,
TOT,Total,B13,Inflows of asylum seekers by nationality,TOT,Total,NLD,Netherlands,2016,2016,18414,,
TOT,Total,B13,Inflows of asylum seekers by nationality,TOT,Total,NLD,Netherlands,2017,2017,16090,,
TOT,Total,B13,Inflows of asylum seekers by nationality,TOT,Total,NLD,Netherlands,2018,2018,20465,,
TOT,Total,B13,Inflows of asylum seekers by nationality,TOT,Total,NLD,Netherlands,2019,2019,22540,,
TOT,Total,B13,Inflows of asylum seekers by nationality,TOT,Total,NZL,New Zealand,2000,2000,1551,,
TOT,Total,B13,Inflows of asylum seekers by nationality,TOT,Total,NZL,New Zealand,2001,2001,1601,,
TOT,Total,B13,Inflows of asylum seekers by nationality,TOT,Total,NZL,New Zealand,2002,2002,997,,
TOT,Total,B13,Inflows of asylum seekers by nationality,TOT,Total,NZL,New Zealand,2003,2003,841,,
TOT,Total,B13,Inflows of asylum seekers by nationality,TOT,Total,NZL,New Zealand,2004,2004,580,,
TOT,Total,B13,Inflows of asylum seekers by nationality,TOT,Total,NZL,New Zealand,2005,2005,348,,
TOT,Total,B13,Inflows of asylum seekers by nationality,TOT,Total,NZL,New Zealand,2006,2006,276,,
TOT,Total,B13,Inflows of asylum seekers by nationality,TOT,Total,NZL,New Zealand,2007,2007,245,,
TOT,Total,B13,Inflows of asylum seekers by nationality,TOT,Total,NZL,New Zealand,2008,2008,254,,
TOT,Total,B13,Inflows of asylum seekers by nationality,TOT,Total,NZL,New Zealand,2009,2009,336,,
TOT,Total,B13,Inflows of asylum seekers by nationality,TOT,Total,NZL,New Zealand,2010,2010,340,,
TOT,Total,B13,Inflows of asylum seekers by nationality,TOT,Total,NZL,New Zealand,2011,2011,305,,
TOT,Total,B13,Inflows of asylum seekers by nationality,TOT,Total,NZL,New Zealand,2012,2012,324,,
TOT,Total,B13,Inflows of asylum seekers by nationality,TOT,Total,NZL,New Zealand,2013,2013,291,,
TOT,Total,B13,Inflows of asylum seekers by nationality,TOT,Total,NZL,New Zealand,2014,2014,288,,
TOT,Total,B13,Inflows of asylum seekers by nationality,TOT,Total,NZL,New Zealand,2015,2015,350,,
TOT,Total,B13,Inflows of asylum seekers by nationality,TOT,Total,NZL,New Zealand,2016,2016,387,,
TOT,Total,B13,Inflows of asylum seekers by nationality,TOT,Total,NZL,New Zealand,2017,2017,560,,
TOT,Total,B13,Inflows of asylum seekers by nationality,TOT,Total,NZL,New Zealand,2018,2018,455,,
TOT,Total,B13,Inflows of asylum seekers by nationality,TOT,Total,NZL,New Zealand,2019,2019,538,,
TOT,Total,B13,Inflows of asylum seekers by nationality,TOT,Total,NOR,Norway,2000,2000,10842,,
TOT,Total,B13,Inflows of asylum seekers by nationality,TOT,Total,NOR,Norway,2001,2001,14782,,
TOT,Total,B13,Inflows of asylum seekers by nationality,TOT,Total,NOR,Norway,2002,2002,17480,,
TOT,Total,B13,Inflows of asylum seekers by nationality,TOT,Total,NOR,Norway,2003,2003,15959,,
TOT,Total,B13,Inflows of asylum seekers by nationality,TOT,Total,NOR,Norway,2004,2004,7945,,
TOT,Total,B13,Inflows of asylum seekers by nationality,TOT,Total,NOR,Norway,2005,2005,5402,,
TOT,Total,B13,Inflows of asylum seekers by nationality,TOT,Total,NOR,Norway,2006,2006,5320,,
TOT,Total,B13,Inflows of asylum seekers by nationality,TOT,Total,NOR,Norway,2007,2007,6528,,
TOT,Total,B13,Inflows of asylum seekers by nationality,TOT,Total,NOR,Norway,2008,2008,14431,,
TOT,Total,B13,Inflows of asylum seekers by nationality,TOT,Total,NOR,Norway,2009,2009,17226,,
TOT,Total,B13,Inflows of asylum seekers by nationality,TOT,Total,NOR,Norway,2010,2010,10064,,
TOT,Total,B13,Inflows of asylum seekers by nationality,TOT,Total,NOR,Norway,2011,2011,9053,,
TOT,Total,B13,Inflows of asylum seekers by nationality,TOT,Total,NOR,Norway,2012,2012,9785,,
TOT,Total,B13,Inflows of asylum seekers by nationality,TOT,Total,NOR,Norway,2013,2013,11467,,
TOT,Total,B13,Inflows of asylum seekers by nationality,TOT,Total,NOR,Norway,2014,2014,12640,,
TOT,Total,B13,Inflows of asylum seekers by nationality,TOT,Total,NOR,Norway,2015,2015,30520,,
TOT,Total,B13,Inflows of asylum seekers by nationality,TOT,Total,NOR,Norway,2016,2016,3202,,
TOT,Total,B13,Inflows of asylum seekers by nationality,TOT,Total,NOR,Norway,2017,2017,3385,,
TOT,Total,B13,Inflows of asylum seekers by nationality,TOT,Total,NOR,Norway,2018,2018,2550,,
TOT,Total,B13,Inflows of asylum seekers by nationality,TOT,Total,NOR,Norway,2019,2019,2205,,
TOT,Total,B13,Inflows of asylum seekers by nationality,TOT,Total,POL,Poland,2000,2000,4589,,
TOT,Total,B13,Inflows of asylum seekers by nationality,TOT,Total,POL,Poland,2001,2001,4529,,
TOT,Total,B13,Inflows of asylum seekers by nationality,TOT,Total,POL,Poland,2002,2002,5170,,
TOT,Total,B13,Inflows of asylum seekers by nationality,TOT,Total,POL,Poland,2003,2003,6909,,
TOT,Total,B13,Inflows of asylum seekers by nationality,TOT,Total,POL,Poland,2004,2004,8079,,
TOT,Total,B13,Inflows of asylum seekers by nationality,TOT,Total,POL,Poland,2005,2005,6860,,
TOT,Total,B13,Inflows of asylum seekers by nationality,TOT,Total,POL,Poland,2006,2006,4430,,
TOT,Total,B13,Inflows of asylum seekers by nationality,TOT,Total,POL,Poland,2007,2007,7205,,
TOT,Total,B13,Inflows of asylum seekers by nationality,TOT,Total,POL,Poland,2008,2008,7203,,
TOT,Total,B13,Inflows of asylum seekers by nationality,TOT,Total,POL,Poland,2009,2009,10587,,
TOT,Total,B13,Inflows of asylum seekers by nationality,TOT,Total,POL,Poland,2010,2010,6534,,
TOT,Total,B13,Inflows of asylum seekers by nationality,TOT,Total,POL,Poland,2011,2011,5086,,
TOT,Total,B13,Inflows of asylum seekers by nationality,TOT,Total,POL,Poland,2012,2012,9167,,
TOT,Total,B13,Inflows of asylum seekers by nationality,TOT,Total,POL,Poland,2013,2013,13758,,
TOT,Total,B13,Inflows of asylum seekers by nationality,TOT,Total,POL,Poland,2014,2014,6810,,
TOT,Total,B13,Inflows of asylum seekers by nationality,TOT,Total,POL,Poland,2015,2015,10250,,
TOT,Total,B13,Inflows of asylum seekers by nationality,TOT,Total,POL,Poland,2016,2016,9840,,
TOT,Total,B13,Inflows of asylum seekers by nationality,TOT,Total,POL,Poland,2017,2017,3005,,
TOT,Total,B13,Inflows of asylum seekers by nationality,TOT,Total,POL,Poland,2018,2018,2405,,
TOT,Total,B13,Inflows of asylum seekers by nationality,TOT,Total,POL,Poland,2019,2019,2765,,
TOT,Total,B13,Inflows of asylum seekers by nationality,TOT,Total,PRT,Portugal,2000,2000,224,,
TOT,Total,B13,Inflows of asylum seekers by nationality,TOT,Total,PRT,Portugal,2001,2001,234,,
TOT,Total,B13,Inflows of asylum seekers by nationality,TOT,Total,PRT,Portugal,2002,2002,245,,
TOT,Total,B13,Inflows of asylum seekers by nationality,TOT,Total,PRT,Portugal,2003,2003,88,,
TOT,Total,B13,Inflows of asylum seekers by nationality,TOT,Total,PRT,Portugal,2004,2004,113,,
TOT,Total,B13,Inflows of asylum seekers by nationality,TOT,Total,PRT,Portugal,2005,2005,114,,
TOT,Total,B13,Inflows of asylum seekers by nationality,TOT,Total,PRT,Portugal,2006,2006,128,,
TOT,Total,B13,Inflows of asylum seekers by nationality,TOT,Total,PRT,Portugal,2007,2007,224,,
TOT,Total,B13,Inflows of asylum seekers by nationality,TOT,Total,PRT,Portugal,2008,2008,161,,
TOT,Total,B13,Inflows of asylum seekers by nationality,TOT,Total,PRT,Portugal,2009,2009,139,,
TOT,Total,B13,Inflows of asylum seekers by nationality,TOT,Total,PRT,Portugal,2010,2010,160,,
TOT,Total,B13,Inflows of asylum seekers by nationality,TOT,Total,PRT,Portugal,2011,2011,275,,
TOT,Total,B13,Inflows of asylum seekers by nationality,TOT,Total,PRT,Portugal,2012,2012,299,,
TOT,Total,B13,Inflows of asylum seekers by nationality,TOT,Total,PRT,Portugal,2013,2013,507,,
TOT,Total,B13,Inflows of asylum seekers by nationality,TOT,Total,PRT,Portugal,2014,2014,442,,
TOT,Total,B13,Inflows of asylum seekers by nationality,TOT,Total,PRT,Portugal,2015,2015,900,,
TOT,Total,B13,Inflows of asylum seekers by nationality,TOT,Total,PRT,Portugal,2016,2016,1463,,
TOT,Total,B13,Inflows of asylum seekers by nationality,TOT,Total,PRT,Portugal,2017,2017,1015,,
TOT,Total,B13,Inflows of asylum seekers by nationality,TOT,Total,PRT,Portugal,2018,2018,1240,,
TOT,Total,B13,Inflows of asylum seekers by nationality,TOT,Total,PRT,Portugal,2019,2019,1735,,
TOT,Total,B13,Inflows of asylum seekers by nationality,TOT,Total,SVK,Slovak Republic,2000,2000,1556,,
TOT,Total,B13,Inflows of asylum seekers by nationality,TOT,Total,SVK,Slovak Republic,2001,2001,8151,,
TOT,Total,B13,Inflows of asylum seekers by nationality,TOT,Total,SVK,Slovak Republic,2002,2002,9743,,
TOT,Total,B13,Inflows of asylum seekers by nationality,TOT,Total,SVK,Slovak Republic,2003,2003,10358,,
TOT,Total,B13,Inflows of asylum seekers by nationality,TOT,Total,SVK,Slovak Republic,2004,2004,11395,,
TOT,Total,B13,Inflows of asylum seekers by nationality,TOT,Total,SVK,Slovak Republic,2005,2005,3549,,
TOT,Total,B13,Inflows of asylum seekers by nationality,TOT,Total,SVK,Slovak Republic,2006,2006,2871,,
TOT,Total,B13,Inflows of asylum seekers by nationality,TOT,Total,SVK,Slovak Republic,2007,2007,2643,,
TOT,Total,B13,Inflows of asylum seekers by nationality,TOT,Total,SVK,Slovak Republic,2008,2008,910,,
TOT,Total,B13,Inflows of asylum seekers by nationality,TOT,Total,SVK,Slovak Republic,2009,2009,822,,
TOT,Total,B13,Inflows of asylum seekers by nationality,TOT,Total,SVK,Slovak Republic,2010,2010,541,,
TOT,Total,B13,Inflows of asylum seekers by nationality,TOT,Total,SVK,Slovak Republic,2011,2011,491,,
TOT,Total,B13,Inflows of asylum seekers by nationality,TOT,Total,SVK,Slovak Republic,2012,2012,732,,
TOT,Total,B13,Inflows of asylum seekers by nationality,TOT,Total,SVK,Slovak Republic,2013,2013,281,,
TOT,Total,B13,Inflows of asylum seekers by nationality,TOT,Total,SVK,Slovak Republic,2014,2014,228,,
TOT,Total,B13,Inflows of asylum seekers by nationality,TOT,Total,SVK,Slovak Republic,2015,2015,270,,
TOT,Total,B13,Inflows of asylum seekers by nationality,TOT,Total,SVK,Slovak Republic,2016,2016,100,,
TOT,Total,B13,Inflows of asylum seekers by nationality,TOT,Total,SVK,Slovak Republic,2017,2017,155,,
TOT,Total,B13,Inflows of asylum seekers by nationality,TOT,Total,SVK,Slovak Republic,2018,2018,155,,
TOT,Total,B13,Inflows of asylum seekers by nationality,TOT,Total,SVK,Slovak Republic,2019,2019,215,,
TOT,Total,B13,Inflows of asylum seekers by nationality,TOT,Total,ESP,Spain,2000,2000,7926,,
TOT,Total,B13,Inflows of asylum seekers by nationality,TOT,Total,ESP,Spain,2001,2001,9489,,
TOT,Total,B13,Inflows of asylum seekers by nationality,TOT,Total,ESP,Spain,2002,2002,6309,,
TOT,Total,B13,Inflows of asylum seekers by nationality,TOT,Total,ESP,Spain,2003,2003,5918,,
TOT,Total,B13,Inflows of asylum seekers by nationality,TOT,Total,ESP,Spain,2004,2004,5535,,
TOT,Total,B13,Inflows of asylum seekers by nationality,TOT,Total,ESP,Spain,2005,2005,5254,,
TOT,Total,B13,Inflows of asylum seekers by nationality,TOT,Total,ESP,Spain,2006,2006,5297,,
TOT,Total,B13,Inflows of asylum seekers by nationality,TOT,Total,ESP,Spain,2007,2007,7662,,
TOT,Total,B13,Inflows of asylum seekers by nationality,TOT,Total,ESP,Spain,2008,2008,4517,,
TOT,Total,B13,Inflows of asylum seekers by nationality,TOT,Total,ESP,Spain,2009,2009,3007,,
TOT,Total,B13,Inflows of asylum seekers by nationality,TOT,Total,ESP,Spain,2010,2010,2744,,
TOT,Total,B13,Inflows of asylum seekers by nationality,TOT,Total,ESP,Spain,2011,2011,3414,,
TOT,Total,B13,Inflows of asylum seekers by nationality,TOT,Total,ESP,Spain,2012,2012,2579,,
TOT,Total,B13,Inflows of asylum seekers by nationality,TOT,Total,ESP,Spain,2013,2013,4513,,
TOT,Total,B13,Inflows of asylum seekers by nationality,TOT,Total,ESP,Spain,2014,2014,5947,,
TOT,Total,B13,Inflows of asylum seekers by nationality,TOT,Total,ESP,Spain,2015,2015,13370,,
TOT,Total,B13,Inflows of asylum seekers by nationality,TOT,Total,ESP,Spain,2016,2016,16274,,
TOT,Total,B13,Inflows of asylum seekers by nationality,TOT,Total,ESP,Spain,2017,2017,30445,,
TOT,Total,B13,Inflows of asylum seekers by nationality,TOT,Total,ESP,Spain,2018,2018,52745,,
TOT,Total,B13,Inflows of asylum seekers by nationality,TOT,Total,ESP,Spain,2019,2019,115190,,
TOT,Total,B13,Inflows of asylum seekers by nationality,TOT,Total,SWE,Sweden,2000,2000,16303,,
TOT,Total,B13,Inflows of asylum seekers by nationality,TOT,Total,SWE,Sweden,2001,2001,23515,,
TOT,Total,B13,Inflows of asylum seekers by nationality,TOT,Total,SWE,Sweden,2002,2002,33016,,
TOT,Total,B13,Inflows of asylum seekers by nationality,TOT,Total,SWE,Sweden,2003,2003,31348,,
TOT,Total,B13,Inflows of asylum seekers by nationality,TOT,Total,SWE,Sweden,2004,2004,23161,,
TOT,Total,B13,Inflows of asylum seekers by nationality,TOT,Total,SWE,Sweden,2005,2005,17530,,
TOT,Total,B13,Inflows of asylum seekers by nationality,TOT,Total,SWE,Sweden,2006,2006,24322,,
TOT,Total,B13,Inflows of asylum seekers by nationality,TOT,Total,SWE,Sweden,2007,2007,36370,,
TOT,Total,B13,Inflows of asylum seekers by nationality,TOT,Total,SWE,Sweden,2008,2008,24353,,
TOT,Total,B13,Inflows of asylum seekers by nationality,TOT,Total,SWE,Sweden,2009,2009,24194,,
TOT,Total,B13,Inflows of asylum seekers by nationality,TOT,Total,SWE,Sweden,2010,2010,31823,,
TOT,Total,B13,Inflows of asylum seekers by nationality,TOT,Total,SWE,Sweden,2011,2011,29648,,
TOT,Total,B13,Inflows of asylum seekers by nationality,TOT,Total,SWE,Sweden,2012,2012,43876,,
TOT,Total,B13,Inflows of asylum seekers by nationality,TOT,Total,SWE,Sweden,2013,2013,54259,,
TOT,Total,B13,Inflows of asylum seekers by nationality,TOT,Total,SWE,Sweden,2014,2014,75096,,
TOT,Total,B13,Inflows of asylum seekers by nationality,TOT,Total,SWE,Sweden,2015,2015,156460,,
TOT,Total,B13,Inflows of asylum seekers by nationality,TOT,Total,SWE,Sweden,2016,2016,22411,,
TOT,Total,B13,Inflows of asylum seekers by nationality,TOT,Total,SWE,Sweden,2017,2017,22225,,
TOT,Total,B13,Inflows of asylum seekers by nationality,TOT,Total,SWE,Sweden,2018,2018,18110,,
TOT,Total,B13,Inflows of asylum seekers by nationality,TOT,Total,SWE,Sweden,2019,2019,23150,,
TOT,Total,B13,Inflows of asylum seekers by nationality,TOT,Total,CHE,Switzerland,2000,2000,17611,,
TOT,Total,B13,Inflows of asylum seekers by nationality,TOT,Total,CHE,Switzerland,2001,2001,20633,,
TOT,Total,B13,Inflows of asylum seekers by nationality,TOT,Total,CHE,Switzerland,2002,2002,26125,,
TOT,Total,B13,Inflows of asylum seekers by nationality,TOT,Total,CHE,Switzerland,2003,2003,20806,,
TOT,Total,B13,Inflows of asylum seekers by nationality,TOT,Total,CHE,Switzerland,2004,2004,14248,,
TOT,Total,B13,Inflows of asylum seekers by nationality,TOT,Total,CHE,Switzerland,2005,2005,10061,,
TOT,Total,B13,Inflows of asylum seekers by nationality,TOT,Total,CHE,Switzerland,2006,2006,10537,,
TOT,Total,B13,Inflows of asylum seekers by nationality,TOT,Total,CHE,Switzerland,2007,2007,10387,,
TOT,Total,B13,Inflows of asylum seekers by nationality,TOT,Total,CHE,Switzerland,2008,2008,16606,,
TOT,Total,B13,Inflows of asylum seekers by nationality,TOT,Total,CHE,Switzerland,2009,2009,16005,,
TOT,Total,B13,Inflows of asylum seekers by nationality,TOT,Total,CHE,Switzerland,2010,2010,13521,,
TOT,Total,B13,Inflows of asylum seekers by nationality,TOT,Total,CHE,Switzerland,2011,2011,19439,,
TOT,Total,B13,Inflows of asylum seekers by nationality,TOT,Total,CHE,Switzerland,2012,2012,25948,,
TOT,Total,B13,Inflows of asylum seekers by nationality,TOT,Total,CHE,Switzerland,2013,2013,19440,,
TOT,Total,B13,Inflows of asylum seekers by nationality,TOT,Total,CHE,Switzerland,2014,2014,22113,,
TOT,Total,B13,Inflows of asylum seekers by nationality,TOT,Total,CHE,Switzerland,2015,2015,38120,,
TOT,Total,B13,Inflows of asylum seekers by nationality,TOT,Total,CHE,Switzerland,2016,2016,25872,,
TOT,Total,B13,Inflows of asylum seekers by nationality,TOT,Total,CHE,Switzerland,2017,2017,16670,,
TOT,Total,B13,Inflows of asylum seekers by nationality,TOT,Total,CHE,Switzerland,2018,2018,13535,,
TOT,Total,B13,Inflows of asylum seekers by nationality,TOT,Total,CHE,Switzerland,2019,2019,12600,,
TOT,Total,B13,Inflows of asylum seekers by nationality,TOT,Total,TUR,Turkey,2000,2000,5685,,
TOT,Total,B13,Inflows of asylum seekers by nationality,TOT,Total,TUR,Turkey,2001,2001,5041,,
TOT,Total,B13,Inflows of asylum seekers by nationality,TOT,Total,TUR,Turkey,2002,2002,3795,,
TOT,Total,B13,Inflows of asylum seekers by nationality,TOT,Total,TUR,Turkey,2003,2003,3952,,
TOT,Total,B13,Inflows of asylum seekers by nationality,TOT,Total,TUR,Turkey,2004,2004,3908,,
TOT,Total,B13,Inflows of asylum seekers by nationality,TOT,Total,TUR,Turkey,2005,2005,3921,,
TOT,Total,B13,Inflows of asylum seekers by nationality,TOT,Total,TUR,Turkey,2006,2006,4553,,
TOT,Total,B13,Inflows of asylum seekers by nationality,TOT,Total,TUR,Turkey,2007,2007,7646,,
TOT,Total,B13,Inflows of asylum seekers by nationality,TOT,Total,TUR,Turkey,2008,2008,12981,,
TOT,Total,B13,Inflows of asylum seekers by nationality,TOT,Total,TUR,Turkey,2009,2009,7834,,
TOT,Total,B13,Inflows of asylum seekers by nationality,TOT,Total,TUR,Turkey,2010,2010,9226,,
TOT,Total,B13,Inflows of asylum seekers by nationality,TOT,Total,TUR,Turkey,2011,2011,16021,,
TOT,Total,B13,Inflows of asylum seekers by nationality,TOT,Total,TUR,Turkey,2012,2012,26470,,
TOT,Total,B13,Inflows of asylum seekers by nationality,TOT,Total,TUR,Turkey,2013,2013,44807,,
TOT,Total,B13,Inflows of asylum seekers by nationality,TOT,Total,TUR,Turkey,2014,2014,87820,,
TOT,Total,B13,Inflows of asylum seekers by nationality,TOT,Total,TUR,Turkey,2015,2015,133590,,
TOT,Total,B13,Inflows of asylum seekers by nationality,TOT,Total,TUR,Turkey,2016,2016,77851,,
TOT,Total,B13,Inflows of asylum seekers by nationality,TOT,Total,TUR,Turkey,2017,2017,123597,,
TOT,Total,B13,Inflows of asylum seekers by nationality,TOT,Total,TUR,Turkey,2018,2018,83818,,
TOT,Total,B13,Inflows of asylum seekers by nationality,TOT,Total,TUR,Turkey,2019,2019,56417,,
TOT,Total,B13,Inflows of asylum seekers by nationality,TOT,Total,GBR,United Kingdom,2000,2000,80300,,
TOT,Total,B13,Inflows of asylum seekers by nationality,TOT,Total,GBR,United Kingdom,2001,2001,71010,,
TOT,Total,B13,Inflows of asylum seekers by nationality,TOT,Total,GBR,United Kingdom,2002,2002,103080,,
TOT,Total,B13,Inflows of asylum seekers by nationality,TOT,Total,GBR,United Kingdom,2003,2003,60050,,
TOT,Total,B13,Inflows of asylum seekers by nationality,TOT,Total,GBR,United Kingdom,2004,2004,40625,,
TOT,Total,B13,Inflows of asylum seekers by nationality,TOT,Total,GBR,United Kingdom,2005,2005,30840,,
TOT,Total,B13,Inflows of asylum seekers by nationality,TOT,Total,GBR,United Kingdom,2006,2006,28320,,
TOT,Total,B13,Inflows of asylum seekers by nationality,TOT,Total,GBR,United Kingdom,2007,2007,28300,,
TOT,Total,B13,Inflows of asylum seekers by nationality,TOT,Total,GBR,United Kingdom,2008,2008,31315,,
TOT,Total,B13,Inflows of asylum seekers by nationality,TOT,Total,GBR,United Kingdom,2009,2009,30675,,
TOT,Total,B13,Inflows of asylum seekers by nationality,TOT,Total,GBR,United Kingdom,2010,2010,22644,,
TOT,Total,B13,Inflows of asylum seekers by nationality,TOT,Total,GBR,United Kingdom,2011,2011,25898,,
TOT,Total,B13,Inflows of asylum seekers by nationality,TOT,Total,GBR,United Kingdom,2012,2012,27978,,
TOT,Total,B13,Inflows of asylum seekers by nationality,TOT,Total,GBR,United Kingdom,2013,2013,29395,,
TOT,Total,B13,Inflows of asylum seekers by nationality,TOT,Total,GBR,United Kingdom,2014,2014,32344,,
TOT,Total,B13,Inflows of asylum seekers by nationality,TOT,Total,GBR,United Kingdom,2015,2015,39970,,
TOT,Total,B13,Inflows of asylum seekers by nationality,TOT,Total,GBR,United Kingdom,2016,2016,38380,,
TOT,Total,B13,Inflows of asylum seekers by nationality,TOT,Total,GBR,United Kingdom,2017,2017,33380,,
TOT,Total,B13,Inflows of asylum seekers by nationality,TOT,Total,GBR,United Kingdom,2018,2018,37365,,
TOT,Total,B13,Inflows of asylum seekers by nationality,TOT,Total,GBR,United Kingdom,2019,2019,44315,,
TOT,Total,B13,Inflows of asylum seekers by nationality,TOT,Total,USA,United States,2000,2000,40867,,
TOT,Total,B13,Inflows of asylum seekers by nationality,TOT,Total,USA,United States,2001,2001,59432,,
TOT,Total,B13,Inflows of asylum seekers by nationality,TOT,Total,USA,United States,2002,2002,58439,,
TOT,Total,B13,Inflows of asylum seekers by nationality,TOT,Total,USA,United States,2003,2003,43338,,
TOT,Total,B13,Inflows of asylum seekers by nationality,TOT,Total,USA,United States,2004,2004,44972,,
TOT,Total,B13,Inflows of asylum seekers by nationality,TOT,Total,USA,United States,2005,2005,39240,,
TOT,Total,B13,Inflows of asylum seekers by nationality,TOT,Total,USA,United States,2006,2006,41101,,
TOT,Total,B13,Inflows of asylum seekers by nationality,TOT,Total,USA,United States,2007,2007,40449,,
TOT,Total,B13,Inflows of asylum seekers by nationality,TOT,Total,USA,United States,2008,2008,39362,,
TOT,Total,B13,Inflows of asylum seekers by nationality,TOT,Total,USA,United States,2009,2009,38080,,
TOT,Total,B13,Inflows of asylum seekers by nationality,TOT,Total,USA,United States,2010,2010,42971,,
TOT,Total,B13,Inflows of asylum seekers by nationality,TOT,Total,USA,United States,2011,2011,60587,,
TOT,Total,B13,Inflows of asylum seekers by nationality,TOT,Total,USA,United States,2012,2012,66101,,
TOT,Total,B13,Inflows of asylum seekers by nationality,TOT,Total,USA,United States,2013,2013,68243,,
TOT,Total,B13,Inflows of asylum seekers by nationality,TOT,Total,USA,United States,2014,2014,121160,,
TOT,Total,B13,Inflows of asylum seekers by nationality,TOT,Total,USA,United States,2015,2015,172740,,
TOT,Total,B13,Inflows of asylum seekers by nationality,TOT,Total,USA,United States,2016,2016,261970,,
TOT,Total,B13,Inflows of asylum seekers by nationality,TOT,Total,USA,United States,2017,2017,331700,,
TOT,Total,B13,Inflows of asylum seekers by nationality,TOT,Total,USA,United States,2018,2018,254300,,
TOT,Total,B13,Inflows of asylum seekers by nationality,TOT,Total,USA,United States,2019,2019,301065,,
TOT,Total,B13,Inflows of asylum seekers by nationality,TOT,Total,CHL,Chile,2000,2000,69,,
TOT,Total,B13,Inflows of asylum seekers by nationality,TOT,Total,CHL,Chile,2001,2001,81,,
TOT,Total,B13,Inflows of asylum seekers by nationality,TOT,Total,CHL,Chile,2002,2002,43,,
TOT,Total,B13,Inflows of asylum seekers by nationality,TOT,Total,CHL,Chile,2003,2003,87,,
TOT,Total,B13,Inflows of asylum seekers by nationality,TOT,Total,CHL,Chile,2004,2004,203,,
TOT,Total,B13,Inflows of asylum seekers by nationality,TOT,Total,CHL,Chile,2005,2005,380,,
TOT,Total,B13,Inflows of asylum seekers by nationality,TOT,Total,CHL,Chile,2006,2006,573,,
TOT,Total,B13,Inflows of asylum seekers by nationality,TOT,Total,CHL,Chile,2007,2007,756,,
TOT,Total,B13,Inflows of asylum seekers by nationality,TOT,Total,CHL,Chile,2008,2008,872,,
TOT,Total,B13,Inflows of asylum seekers by nationality,TOT,Total,CHL,Chile,2009,2009,644,,
TOT,Total,B13,Inflows of asylum seekers by nationality,TOT,Total,CHL,Chile,2010,2010,260,,
TOT,Total,B13,Inflows of asylum seekers by nationality,TOT,Total,CHL,Chile,2011,2011,305,,
TOT,Total,B13,Inflows of asylum seekers by nationality,TOT,Total,CHL,Chile,2012,2012,168,,
TOT,Total,B13,Inflows of asylum seekers by nationality,TOT,Total,CHL,Chile,2013,2013,249,,
TOT,Total,B13,Inflows of asylum seekers by nationality,TOT,Total,CHL,Chile,2014,2014,282,,
TOT,Total,B13,Inflows of asylum seekers by nationality,TOT,Total,CHL,Chile,2015,2015,630,,
TOT,Total,B13,Inflows of asylum seekers by nationality,TOT,Total,CHL,Chile,2016,2016,2299,,
TOT,Total,B13,Inflows of asylum seekers by nationality,TOT,Total,CHL,Chile,2017,2017,5656,,
TOT,Total,B13,Inflows of asylum seekers by nationality,TOT,Total,CHL,Chile,2018,2018,5784,,
TOT,Total,B13,Inflows of asylum seekers by nationality,TOT,Total,CHL,Chile,2019,2019,770,,
TOT,Total,B13,Inflows of asylum seekers by nationality,TOT,Total,EST,Estonia,2000,2000,3,,
TOT,Total,B13,Inflows of asylum seekers by nationality,TOT,Total,EST,Estonia,2001,2001,12,,
TOT,Total,B13,Inflows of asylum seekers by nationality,TOT,Total,EST,Estonia,2002,2002,9,,
TOT,Total,B13,Inflows of asylum seekers by nationality,TOT,Total,EST,Estonia,2003,2003,14,,
TOT,Total,B13,Inflows of asylum seekers by nationality,TOT,Total,EST,Estonia,2004,2004,14,,
TOT,Total,B13,Inflows of asylum seekers by nationality,TOT,Total,EST,Estonia,2005,2005,11,,
TOT,Total,B13,Inflows of asylum seekers by nationality,TOT,Total,EST,Estonia,2006,2006,7,,
TOT,Total,B13,Inflows of asylum seekers by nationality,TOT,Total,EST,Estonia,2007,2007,14,,
TOT,Total,B13,Inflows of asylum seekers by nationality,TOT,Total,EST,Estonia,2008,2008,14,,
TOT,Total,B13,Inflows of asylum seekers by nationality,TOT,Total,EST,Estonia,2009,2009,36,,
TOT,Total,B13,Inflows of asylum seekers by nationality,TOT,Total,EST,Estonia,2010,2010,30,,
TOT,Total,B13,Inflows of asylum seekers by nationality,TOT,Total,EST,Estonia,2011,2011,67,,
TOT,Total,B13,Inflows of asylum seekers by nationality,TOT,Total,EST,Estonia,2012,2012,77,,
TOT,Total,B13,Inflows of asylum seekers by nationality,TOT,Total,EST,Estonia,2013,2013,97,,
TOT,Total,B13,Inflows of asylum seekers by nationality,TOT,Total,EST,Estonia,2014,2014,143,,
TOT,Total,B13,Inflows of asylum seekers by nationality,TOT,Total,EST,Estonia,2015,2015,230,,
TOT,Total,B13,Inflows of asylum seekers by nationality,TOT,Total,EST,Estonia,2016,2016,69,,
TOT,Total,B13,Inflows of asylum seekers by nationality,TOT,Total,EST,Estonia,2017,2017,180,,
TOT,Total,B13,Inflows of asylum seekers by nationality,TOT,Total,EST,Estonia,2018,2018,90,,
TOT,Total,B13,Inflows of asylum seekers by nationality,TOT,Total,EST,Estonia,2019,2019,100,,
TOT,Total,B13,Inflows of asylum seekers by nationality,TOT,Total,ISR,Israel,2000,2000,6148,,
TOT,Total,B13,Inflows of asylum seekers by nationality,TOT,Total,ISR,Israel,2001,2001,456,,
TOT,Total,B13,Inflows of asylum seekers by nationality,TOT,Total,ISR,Israel,2002,2002,355,,
TOT,Total,B13,Inflows of asylum seekers by nationality,TOT,Total,ISR,Israel,2004,2004,940,,
TOT,Total,B13,Inflows of asylum seekers by nationality,TOT,Total,ISR,Israel,2005,2005,860,,
TOT,Total,B13,Inflows of asylum seekers by nationality,TOT,Total,ISR,Israel,2006,2006,5760,,
TOT,Total,B13,Inflows of asylum seekers by nationality,TOT,Total,ISR,Israel,2007,2007,4630,,
TOT,Total,B13,Inflows of asylum seekers by nationality,TOT,Total,ISR,Israel,2008,2008,4140,,
TOT,Total,B13,Inflows of asylum seekers by nationality,TOT,Total,ISR,Israel,2009,2009,5580,,
TOT,Total,B13,Inflows of asylum seekers by nationality,TOT,Total,ISR,Israel,2010,2010,6460,,
TOT,Total,B13,Inflows of asylum seekers by nationality,TOT,Total,ISR,Israel,2011,2011,5700,,
TOT,Total,B13,Inflows of asylum seekers by nationality,TOT,Total,ISR,Israel,2012,2012,4760,,
TOT,Total,B13,Inflows of asylum seekers by nationality,TOT,Total,ISR,Israel,2013,2013,5560,,
TOT,Total,B13,Inflows of asylum seekers by nationality,TOT,Total,ISR,Israel,2014,2014,226,,
TOT,Total,B13,Inflows of asylum seekers by nationality,TOT,Total,ISR,Israel,2015,2015,5010,,
TOT,Total,B13,Inflows of asylum seekers by nationality,TOT,Total,ISR,Israel,2016,2016,8150,,
TOT,Total,B13,Inflows of asylum seekers by nationality,TOT,Total,ISR,Israel,2017,2017,15368,,
TOT,Total,B13,Inflows of asylum seekers by nationality,TOT,Total,ISR,Israel,2018,2018,16263,,
TOT,Total,B13,Inflows of asylum seekers by nationality,TOT,Total,ISR,Israel,2019,2019,9444,,
TOT,Total,B13,Inflows of asylum seekers by nationality,TOT,Total,SVN,Slovenia,2000,2000,9244,,
TOT,Total,B13,Inflows of asylum seekers by nationality,TOT,Total,SVN,Slovenia,2001,2001,1511,,
TOT,Total,B13,Inflows of asylum seekers by nationality,TOT,Total,SVN,Slovenia,2002,2002,702,,
TOT,Total,B13,Inflows of asylum seekers by nationality,TOT,Total,SVN,Slovenia,2003,2003,1100,,
TOT,Total,B13,Inflows of asylum seekers by nationality,TOT,Total,SVN,Slovenia,2004,2004,1173,,
TOT,Total,B13,Inflows of asylum seekers by nationality,TOT,Total,SVN,Slovenia,2005,2005,1596,,
TOT,Total,B13,Inflows of asylum seekers by nationality,TOT,Total,SVN,Slovenia,2006,2006,518,,
TOT,Total,B13,Inflows of asylum seekers by nationality,TOT,Total,SVN,Slovenia,2007,2007,425,,
TOT,Total,B13,Inflows of asylum seekers by nationality,TOT,Total,SVN,Slovenia,2008,2008,238,,
TOT,Total,B13,Inflows of asylum seekers by nationality,TOT,Total,SVN,Slovenia,2009,2009,183,,
TOT,Total,B13,Inflows of asylum seekers by nationality,TOT,Total,SVN,Slovenia,2010,2010,246,,
TOT,Total,B13,Inflows of asylum seekers by nationality,TOT,Total,SVN,Slovenia,2011,2011,373,,
TOT,Total,B13,Inflows of asylum seekers by nationality,TOT,Total,SVN,Slovenia,2012,2012,305,,
TOT,Total,B13,Inflows of asylum seekers by nationality,TOT,Total,SVN,Slovenia,2013,2013,243,,
TOT,Total,B13,Inflows of asylum seekers by nationality,TOT,Total,SVN,Slovenia,2014,2014,361,,
TOT,Total,B13,Inflows of asylum seekers by nationality,TOT,Total,SVN,Slovenia,2015,2015,260,,
TOT,Total,B13,Inflows of asylum seekers by nationality,TOT,Total,SVN,Slovenia,2016,2016,1263,,
TOT,Total,B13,Inflows of asylum seekers by nationality,TOT,Total,SVN,Slovenia,2017,2017,1440,,
TOT,Total,B13,Inflows of asylum seekers by nationality,TOT,Total,SVN,Slovenia,2018,2018,2800,,
TOT,Total,B13,Inflows of asylum seekers by nationality,TOT,Total,SVN,Slovenia,2019,2019,3615,,
TOT,Total,B13,Inflows of asylum seekers by nationality,TOT,Total,LVA,Latvia,2011,2011,335,,
TOT,Total,B13,Inflows of asylum seekers by nationality,TOT,Total,LVA,Latvia,2012,2012,189,,
TOT,Total,B13,Inflows of asylum seekers by nationality,TOT,Total,LVA,Latvia,2013,2013,185,,
TOT,Total,B13,Inflows of asylum seekers by nationality,TOT,Total,LVA,Latvia,2014,2014,364,,
TOT,Total,B13,Inflows of asylum seekers by nationality,TOT,Total,LVA,Latvia,2015,2015,330,,
TOT,Total,B13,Inflows of asylum seekers by nationality,TOT,Total,LVA,Latvia,2016,2016,344,,
TOT,Total,B13,Inflows of asylum seekers by nationality,TOT,Total,LVA,Latvia,2017,2017,355,,
TOT,Total,B13,Inflows of asylum seekers by nationality,TOT,Total,LVA,Latvia,2018,2018,175,,
TOT,Total,B13,Inflows of asylum seekers by nationality,TOT,Total,LVA,Latvia,2019,2019,180,,
